1;Azhar Anowar;azharanowar@gmail.com;azharanowar;Tkhuvdhy89pG;Child
2;Sijan Khan;sijankhan@gmail.com;sijankhan;zpqhurohu;Child
3;Shayekh AL Hasan;shayekh@gmail.com;shayekh;zohflro;Child
4;Al-Rafi Azad;alrafi@gmailc.com;alrafi;hsyhmp;Child
5;Taohid Uddin;taohid@gmail.com;taohid;ahvopk;Father
6;test;test@gmail.com;test;ooooh;Father
7;Nurbak;nurbak@gmail.com;nurbak;ubyihr;Father
8;Nurbek;nurbek@gmail.com;nurbek;ubyilr;Father
